{"navbar-color":"#333","navbar-hover-color":"#f75958","blog-meta-color":{"regular":"#6e7373","hover":"#f75958"},"blog-author-color":"#6e7373 !important","blog-title-color":{"regular":"#333","hover":"#f75958"},"blog-title-border-color":{"border-color":"#dfdfdf","border-style":"solid","border-top":"0","border-right":"0","border-bottom":"3px","border-left":"0"},"blog-button-text-color":{"regular":"#333","hover":"#fff"},"blog-button-hover":"#f75958","blog-button-border-color":{"border-color":"#f75958","border-style":"solid","border-top":"1px","border-right":"1px","border-bottom":"1px","border-left":"1px"},"blog-sidebar-title-color":{"regular":"#333","hover":"#fff"},"blog-sidebar-background":"#f9fafb","blog-sidebar-button-color":{"regular":"#fff","hover":"#fff"},"blog-sidebar-button-background":"#f75958","breadcumb-background-color":{"background-color":"#f75958"},"breadcumb-title-color":"#fff","footer-background":{"background-color":"#333"},"social-link-color":{"regular":"#fff","hover":"#f75958"},".copyright":"#fff","footer-scroll-color":"#fff","footer-scroll-background":{"background-color":"#f75958"},"header-adress":"123 Street, New York, USA","header-number":"+012 345 6789","header-eamil":"info@example.com","header-twitter-social":"https:\/\/twitter.com","header-facebook-social":"https:\/\/facebook.com","header-linkedin-social":"https:\/\/linkedin.com","header-instagram-social":"https:\/\/instagram.com","header-youtube-social":"https:\/\/youtube.com","footer-copyright":"<a class=\"text-white border-bottom\" href=\"#\">Your Site Name<\/a>. All\r\n                Rights Reserved.","redux-backup":1}